songId,bpm,releaseDate
"""411Ψ892""",184.0,2023-02-03
#狂った民族２ PRAVARGYAZOOQA,170.0,2022-11-18
+♂,180.0,2015-12-09
-OutsideR:RequieM-,181.0,2019-03-08
1000年生きてる,100.0,2023-09-14
184億回のマルチトニック,184.0,2024-09-12
39,175.0,2013-03-18
39みゅーじっく！,130.0,2019-08-22
7thSense,150.0,2016-02-18
8-EM,168.0,2022-03-24
AFTER PANDORA,85.0,2025-07-13
ALiVE,170.0,2021-05-14
AMABIE,190.0,2021-06-25
AMAZING MIGHTYYYY!!!!,185.0,2016-11-17
ARAIS,180.0,2020-09-17
ARROW,131.0,2017-07-25
ATLAS RUSH,156.0,2025-04-11
Abstruse Dilemma,216.0,2025-01-10
Acceleration,180.0,2012-12-13
Aegleseeker,234.0,2023-03-02
Aetheric Energy,205.0,2020-10-16
After Burner,155.0,2016-02-18
Agitation！,163.0,2019-11-15
Ai C,191.0,2024-08-30
Aiolos,205.0,2015-10-15
Alcyone,176.0,2021-12-10
Alea jacta est!,162.0,2019-02-07
Alice in 冷凍庫,176.0,2021-07-09
Alice's Suitcase,190.0,2023-03-02
Altale,90.0,2019-05-10
Amereistr,147.0,2025-07-11
Apollo,339.0,2023-12-09
Armageddon,210.0,2022-03-24
Arty Party,180.0,2020-12-25
Axeria,193.0,2015-11-26
B.B.K.K.B.K.K.,170.0,2014-09-18
B.M.S.,200.0,2019-02-07
BAD∞END∞NIGHT,204.0,2012-12-13
BANG!,128.0,2022-05-13
BATTLE NO.1,200.0,2020-09-17
BETTER CHOICE,130.0,2014-11-13
BIRTH,176.0,2021-02-19
BLACK ROSE,145.0,2019-07-11
BLACK SWAN,201.0,2021-10-29
BLUE ZONE,168.0,2022-04-28
BOKUTO,188.0,2020-01-10
BOOM! BOOM!! BOOM!!!,170.0,2024-07-05
BOUNCE & DANCE,135.0,2021-09-03
BREAK YOU!!,167.0,2013-09-19
BREaK! BREaK! BREaK!,165.0,2021-03-18
BULK UP (GAME EXCLUSIVE EDIT),200.0,2023-04-28
BaBan!! －甘い罠－,161.0,2012-07-11
Back 2 Back,150.0,2014-08-22
Backyun! －悪い女－,140.0,2013-07-11
Bad Apple!! feat.nomico,138.0,2013-07-11
Bad Apple!! feat.nomico (REDALiCE Remix),170.0,2020-01-23
Bad Apple!! feat.nomico (Tetsuya Komuro Remix),135.0,2024-06-07
Bad Apple!! feat.nomico ～五十嵐 撫子 Ver.～,141.0,2023-06-08
Baddest,215.0,2022-12-23
Bang Babang Bang!!!,200.0,2017-12-26
Baqeela,130.0,2024-08-30
Barbed Eye,135.0,2016-09-08
Beat Of Mind,140.0,2012-07-11
Beat Opera op.1,145.0,2023-02-03
Beat of getting entangled,140.0,2013-07-11
Beautiful Future,172.0,2020-10-16
Beginning together!,142.0,2024-06-21
Believe the Rainbow,133.0,2019-05-10
Big Daddy,190.0,2021-05-14
Black Lair,150.0,2020-01-23
Black Out,142.0,2013-05-09
BlackFlagBreaker!!,163.0,2025-06-20
Blank Paper (Prod. TEMPLIME),133.0,2023-01-06
Blew Moon,180.0,2013-07-11
Bloody Trail,195.0,2024-05-10
Blows Up Everything,215.0,2019-08-09
Boys O’Clock,262.0,2020-09-17
Brain Power,170.0,2018-07-03
Brand-new Japanesque,135.0,2014-06-17
Bring it on,143.0,NULL
Burn My Soul,180.0,2023-10-12
Burning Hearts ～炎のANGEL～,155.0,2013-07-11
CHAOS,150.0,2020-06-11
CHOCOLATE BOMB!!!!,190.0,2020-09-04
CITRUS MONSTER,220.0,2016-10-20
CO5M1C R4ILR0AD,155.0,2021-04-16
CYBER Sparks,192.0,2018-09-04
CYCLES,135.0,2014-04-10
Calamity Fortune,200.0,2017-12-05
Caliburne ～Story of the Legendary sword～,190.0,2015-03-05
Candy Tall Woman,190.0,2018-03-20
Catch Me If You Can,130.0,2022-10-21
Catch The Future,210.0,2012-11-07
Catch the Wave,153.0,2020-06-26
Caterpillar Song,90.0,2022-04-08
Change Our MIRAI！,256.0,2015-07-16
Chronomia,227.0,2024-09-12
Churros Parlor,190.0,2023-08-04
CiRCLE CAMPAiGN,182.0,2025-09-18
Cider P@rty,180.0,2024-05-10
City Escape: Act1,130.0,2012-11-07
Climax,190.0,2020-12-25
Club Ibuki in Break All,175.0,2017-05-11
CocktaiL,128.0,2019-11-29
GRÄNDIR,170.0,2020-08-07
Cryptarithm,175.0,2024-10-11
"Hello, Hologram",161.0,2023-03-23
DADDY MULK -Groove remix-,154.0,2013-12-05
Dreadnought,192.0,2022-03-24
GOODMEN,175.0,2017-02-21
HERA,185.0,2017-02-21
Comet Panto Men!,170.0,2023-03-23
In Chaos,140.0,2012-07-11
Deicide,163.0,2024-10-25
Credits,179.0,2018-03-06
Elemental Ethnic,163.0,2024-09-12
JIGOKU STATION CENTRAL GATE,160.0,2025-06-27
Halcyon,191.0,2019-07-19
Destined Marionette,186.0,2025-05-21
Destiny Runner,190.0,2022-10-21
Crush On You,125.0,2012-07-11
DRAGONLADY,150.0,2014-02-26
Ether Second,150.0,2024-02-02
GEOMETRIC DANCE,150.0,2023-09-14
INFINITE WORLD,167.0,2018-09-18
DO RORO DERODERO ON DO RORO,190.0,2013-01-17
D✪N’T  ST✪P  R✪CKIN’,140.0,2015-06-25
"Help me, ERINNNNNN!!（Band ver.）",183.0,2013-09-05
FestivaLight,125.0,2018-06-21
ENERGY SYNERGY MATRIX,160.0,2018-06-21
I'm with you,181.0,2020-07-31
Divide et impera!,166.0,2024-10-31
Colorfull:Encounter,185.0,2025-02-27
Counselor,135.0,2015-12-09
Hand in Hand,128.0,2016-08-31
Heartbeats,170.0,2014-04-10
Conquista Ciela,140.0,2018-07-11
GEMINI -M-,180.0,2016-03-17
Cyaegha,200.0,2021-01-08
Death Scythe,182.0,2013-09-19
Garden Of The Dragon,120.0,2016-04-07
HYP3RTRIBE,190.0,2024-12-06
Estahv,191.0,2022-05-13
Destr0yer,90.0,2019-07-11
FEEL the BEATS,166.0,2016-04-21
ECHO,140.0,2016-11-17
Cosmic Train,140.0,2013-07-11
Cosmic Magic Shooter,163.0,2015-01-08
LOL -lots of laugh-,138.0,2016-01-21
Doll Judgment,230.0,2018-05-08
ENJOY POLIS,220.0,2018-12-13
Color My World,94.0,2012-07-11
Contrapasso -paradiso-,243.0,2016-07-28
Desperado Waltz,172.0,2021-03-04
Drivessover,182.0,2025-07-16
QZKago Requiem,257.0,2018-12-18
Define,175.0,2022-05-13
Don't Fight The Music,195.0,2022-09-15
Complex Mind,175.0,2023-05-12
Empire of Winter,175.0,2025-01-10
"Help me, ERINNNNNN!!",185.0,2025-05-21
Feel My Fire,123.0,2013-03-14
FREEDOM DiVE (tpz Overcute Remix),234.0,2018-10-25
KING,166.0,2021-03-18
L4TS:2018 (feat. あひる & KTA),190.0,2019-02-07
Kairos,200.0,2023-06-23
KHYMΞXΛ,220.0,2023-11-02
LUCIA,154.0,2013-09-19
Dive into the ZONe,160.0,2022-12-02
Endless World,142.0,2013-05-09
FLUFFY FLASH,252.0,2023-03-23
Crazy Circle,145.0,2019-07-11
DANGEROOOOUS JUNGLE,160.0,2023-11-10
Fist Bump,217.0,2018-06-21
NULCTRL,100.0,2020-02-07
Dive into The Sky ～initialized～,165.0,2021-02-05
First Dance,174.0,2022-05-13
EYE,137.0,2022-09-15
Flashkick,175.0,2020-03-19
NightTheater,151.0,2023-01-06
Grip & Break down !!,160.0,2013-07-11
Cthugha,213.0,2023-04-14
"Endless, Sleepless Night",165.0,2014-08-22
Fragrance,180.0,2013-03-14
I’m Here (feat. Merry Kirk-Holmes),187.0,2023-11-24
Jumble Rumble,185.0,2016-08-25
DROPS feat. Such,120.0,2023-05-12
Pixel Galaxy,150.0,2025-08-01
Rodeo Machine,115.0,2018-07-11
DATAERR0R,180.0,2025-04-11
Dazzle hop,220.0,2025-09-18
GO BACK 2 YOUR RAVE,170.0,2017-06-22
Drive Your Fire,164.0,2020-08-21
FLΛME/FRΦST,174.0,2025-05-09
DETARAME ROCK&ROLL THEORY,140.0,2017-02-14
Kiss Me Kiss,140.0,2021-09-03
Let you DIVE!,185.0,2023-03-23
SILENT BLUE,210.0,2018-12-04
Starlight Vision,180.0,2017-05-11
Jimang Shot,164.0,2016-05-12
PUPA,202.0,2023-09-14
Love Kills U,160.0,2023-11-10
End Time,180.0,2019-06-07
Invitation,147.0,2016-06-30
Grievous Lady,210.0,2021-01-08
Link,132.0,2013-03-14
"Good bye, Merry-Go-Round.",185.0,2022-03-24
MAKE IT FUNKY NOW,146.0,2021-04-16
The Cursed Doll,131.0,2024-08-02
Redemption,175.0,2024-02-02
Final Step!,180.0,2023-04-14
　,130.0,2022-04-15
REVIVER オルタンシア・サーガ -蒼の騎士団- オリジナルVer.,200.0,2017-12-14
HAGAKIRI,172.0,2022-05-27
Scars of FAUNA,165.0,2014-11-26
Get Happy,150.0,2013-07-11
L'épilogue,145.0,2013-09-19
Moon of Noon,200.0,2017-10-03
♡マイマイマイラブ♡,170.0,2019-10-04
Southern Cross,171.0,2021-09-22
FEEL ALIVE,162.0,2013-03-14
Fraq,221.0,2025-03-13
Ether Strike,156.0,2021-01-08
Feel The Luv,155.0,2025-03-13
Neon Kingdom,130.0,2022-11-18
In my world (Prod. KOTONOHOUSE),160.0,2023-01-06
UTAKATA,185.0,2020-02-20
Lunar Mare,165.0,2020-06-11
Swift Swing,150.0,2022-06-24
OTOGEMA,145.0,2022-07-11
Snow Colored Score,164.0,2023-06-08
Eureka,150.0,2025-09-18
Mare Maris,150.0,2018-05-22
Heavenly Blast,234.0,2021-03-18
GIGANTØMAKHIA,190.0,2022-03-03
GET!! 夢&DREAM,150.0,2017-09-19
Last Brave ～ Go to zero,132.0,2016-12-15
JACKY [Remix],135.0,2012-09-13
Jump!! Jump!! Jump!!,183.0,2019-07-26
Ref:rain (for 7th Heaven),188.0,2025-07-13
Random,132.0,2022-09-22
Session High⤴,200.0,2018-06-21
Magical Paradox,192.0,2025-09-18
あねぺったん,180.0,2018-10-16
Latent Kingdom,201.0,2023-10-06
Energizing Flame,201.0,2023-10-20
Got more raves？,266.0,2014-10-29
ぼくたちいつでも　しゅわっしゅわ！,132.0,2020-09-17
Ignis Danse,246.0,2014-11-26
Night Fly,127.0,2013-03-14
R'N'R Monsta,220.0,2025-02-07
Shining Ray ～僕らの絆～,180.0,2024-06-21
felys -final remix-,180.0,2020-09-17
quiet room,93.0,2019-11-29
the EmpErroR,240.0,2019-05-10
PANDORA PARADOXXX,150.0,2019-05-10
Spin me harder,130.0,2013-03-14
IMBRUED:FLUX,176.0,2025-07-11
Mystic Parade,133.0,2023-09-22
RIFFRAIN,122.0,2022-12-16
Halfway(>∀<),175.0,2023-05-12
だからパンを焼いたんだ,170.0,2019-11-29
Resolution,190.0,2025-02-07
Heart Beats,128.0,2015-02-05
"Good Bye, Mr. Jack",180.0,2019-05-10
Regulus,212.0,2021-02-19
MAXRAGE,222.0,2019-07-11
Dreampainter,136.0,2014-10-09
ずんだパーリナイ,150.0,2024-09-12
だから僕は音楽を辞めた,125.0,2020-01-23
Jouez Avec Moi?,162.0,2022-08-05
JUMPIN' JUMPIN',163.0,2013-09-19
How To Make 音ゲ～曲！,185.0,2025-01-24
アポカリプスに反逆の焔を焚べろ,222.0,2019-12-13
End of Twilight,180.0,2014-04-10
やめろ！聴くな！,160.0,2016-11-17
Dragoon,175.0,2015-02-05
イカサマライフゲイム,200.0,2019-07-19
Ignite Infinity,160.0,2013-07-11
Knight Rider,200.0,2023-03-23
つづみぐさ,170.0,2024-04-26
Unwelcome School,180.0,2025-09-18
NAGAREBOSHI☆ROCKET,216.0,2021-09-16
METEOR,170.0,2019-08-22
Play merrily NEO,180.0,2023-09-14
PinqPiq (xovevox Remix),150.0,2023-12-09
カーニバルハッピー,208.0,2024-04-26
LOSE CONTROL,150.0,2021-05-14
Sunday Night feat Kanata.N,143.0,2023-05-12
Everybody Say HARDCORE TANO*C,170.0,2024-07-05
Lunatic Vibes,185.0,2024-05-10
Retribution ～ Cycle of Redemption ～,112.0,2025-09-05
Komplexe,165.0,2020-10-16
Melody！,175.0,2021-06-11
Re:Unknown X,190.0,2024-06-07
HECATONCHEIR,155.0,2022-05-27
Our Wrenally,105.0,2017-01-24
りばーぶ,120.0,2015-12-09
I ♥,132.0,2014-01-23
Sprintrances,178.0,2012-12-13
HUMANBORG,189.0,2024-01-26
Titania,212.0,2019-10-24
Last Samurai,57.0,2021-06-25
LOVE EAST,168.0,2018-06-21
QUATTUORUX,220.0,2024-07-11
Glorious Crown,225.0,2016-05-26
Live & Learn,172.0,2014-08-22
Pixel Voyage,170.0,2013-07-11
L9,256.0,2015-03-19
しんでしまうとはなさけない！,174.0,2016-08-11
SPiCa,162.0,2014-03-20
いーあるふぁんくらぶ,145.0,2013-07-11
Money Money,145.0,2018-12-13
Selector,148.0,2017-02-21
METATRON,190.0,2016-06-30
HIMITSUスパーク,156.0,2015-12-09
Make Up Your World feat. キョンシーのCiちゃん & らっぷびと,180.0,2024-07-05
Just Be Friends,128.0,2017-06-06
うぇいびー,200.0,2025-06-20
『んっあっあっ。』,123.0,2023-03-10
Luminescence,184.0,2025-09-05
つるぺったん,180.0,2023-06-08
story,220.0,2023-11-24
Lover's Trick,130.0,2025-07-04
Limits,140.0,2022-03-11
インターネットサバイバー,172.0,2023-05-26
FFT,180.0,2019-03-08
KING is BACK!!,176.0,2017-09-07
ここからはじまるプロローグ。 (Kanon Remix),190.0,2023-07-07
ココロスキャンのうた,203.0,2013-08-07
FUJIN Rumble,192.0,2014-11-26
アルカリレットウセイ,158.0,2018-03-20
Oshama Scramble!,190.0,2015-06-25
snooze,150.0,2024-11-22
HANIPAGANDA,181.0,2024-02-16
Rooftop Run: Act1,152.0,2012-11-07
キミノヨゾラ哨戒班,185.0,2016-06-30
Nyan Cat EX,150.0,2014-01-09
SPICY SWINGY STYLE,242.0,2017-12-26
P-qoq,175.0,2019-07-11
Lividi,191.0,2017-03-28
アルカンシエル,176.0,2023-09-14
Freak Out Hr.,180.0,2024-03-21
One Step Ahead,186.0,2014-09-18
オレンジの夏,132.0,2012-07-11
POP STAR,140.0,2014-07-17
My Dearest Song,145.0,2017-10-31
Garakuta Doll Play,256.0,2013-10-24
Horoscope Express,236.0,2023-09-14
Ragnarok,184.0,2018-09-18
HOT LIMIT,138.0,2019-07-11
おても☆Yan,90.0,2015-02-19
The wheel to the right,200.0,2017-04-27
awake,170.0,2013-07-11
クレイジークレイジーダンサーズ,172.0,2019-02-22
LiftOff,137.0,2022-01-14
Ourania,204.0,2024-10-25
SUPER AMBULANCE,200.0,2022-10-21
Geranium,150.0,2024-08-02
NO ONE YES MAN,170.0,2025-09-05
Supersonic Generation,155.0,2025-03-13
emomomo,145.0,2020-11-13
Cry Cry Cry,123.0,2023-09-22
See The Light,150.0,2022-09-02
カラッポ・ノンフィクション,170.0,2020-11-13
LAMIA,199.0,2023-09-01
RED,168.0,2025-06-20
OMAKENO Stroke,240.0,2023-09-14
MIRA,148.0,2025-08-08
Overjoy ★ OVERDOSE!!,143.0,2025-04-11
KILLER B,130.0,2020-03-06
Leave All Behind,150.0,2025-09-05
キャットラビング,163.0,2023-03-23
にゃーにゃー冒険譚,188.0,2023-04-28
Radiance,155.0,2025-02-07
おくすり飲んで寝よう,130.0,2024-04-26
"Sqlupp (Camellia's ""Sqleipd*Hiytex"" Remix)",154.0,2020-09-17
MarbleBlue.,198.0,2024-03-21
MYTHOS,158.0,2014-04-10
だんだん早くなる,160.0,2017-04-18
Ultranova,156.0,2017-09-07
System “Z”,147.0,2013-10-24
STARTLINER,135.0,2019-07-26
EVERGREEN,145.0,2018-12-25
Magical Sound Shower,120.0,2019-01-11
Ghost Dance,154.0,2023-01-20
maimaiちゃんのテーマ,136.0,2013-01-17
Yakumo >>JOINT STRUGGLE (2019 Update),187.0,2019-11-01
STEEL TRANSONIC,236.0,2020-03-19
MEGATON KICK,200.0,2021-05-14
Infantoon Fantasy,185.0,2016-07-28
MIRROR of MAGIC,135.0,2014-09-18
Lionheart,132.0,2012-12-13
My First Phone,114.0,2018-12-04
カゲロウデイズ,200.0,2013-07-11
Tell Your World,150.0,2013-03-07
Re：End of a Dream,212.0,2021-03-18
Quartet Theme [Reborn],137.0,2013-02-20
Riders Of The Light,143.0,2013-08-07
Irresistible,157.0,2022-05-27
へべれけジャンキー,104.0,2023-02-17
SQUAD-Phvntom-,200.0,2023-09-14
Phantasm Brigade,168.0,2017-05-11
Paranoia,150.0,2020-09-17
Lost Desire,170.0,2023-03-02
Spring of Dreams,153.0,2022-07-01
IF:U,190.0,2024-04-12
Strive against fate,209.0,2022-03-24
Rush-Hour,224.0,2024-02-16
Still,176.0,2018-04-03
Scarlet Wings,183.0,2019-08-09
Danza zandA,129.0,2014-08-22
Imperishable Night 2006 (2016 Refine),161.0,2019-05-24
MEGATON BLAST,194.0,2021-09-03
INFiNiTE ENERZY -Overdoze-,180.0,2024-06-07
N3V3R G3T OV3R,128.0,2022-05-27
オーディエンスを沸かす程度の能力 feat.タイツォン,216.0,2017-10-17
KISS CANDY FLAVOR,146.0,2017-08-03
Sweets×Sweets,132.0,2012-07-11
Secret Sleuth,288.0,2019-07-11
RIDGE RACER STEPS -GMT remix-,240.0,2014-04-17
LANCE,156.0,2015-09-17
Falsum Atlantis.,160.0,2022-01-14
YU-MU,160.0,2016-02-04
M.S.S.Planet,145.0,2014-03-20
Link (2),198.0,2014-09-18
Löschen,181.0,2025-01-10
Like the Wind [Reborn],200.0,2013-02-20
みんなの,190.0,2018-10-02
come again,130.0,2012-07-11
Edelweiss,252.0,2024-03-21
はいよろこんで,147.0,2025-03-13
Save This World νMIX,143.0,2013-08-07
WORLD'S END UMBRELLA,180.0,2019-06-07
Overdose,118.0,NULL
Sun Dance,102.0,2012-07-11
Justified,185.0,2018-05-22
SHOW TIME,120.0,2012-09-13
PERSONA feat. PANXI,175.0,2023-05-12
Jack-the-Ripper◆,210.0,2014-07-17
POWER OF UNITY,190.0,2023-10-20
Hainuwele,175.0,2023-01-20
Party 4U ”holy nite mix”,159.0,2015-12-09
Hyper Active,160.0,2016-09-22
Luminaria,227.0,2022-09-22
MYTH Re：LEASE,202.0,2025-05-30
Love or Lies,128.0,2012-07-11
その群青が愛しかったようだった,220.0,2017-03-09
FLOWER,173.0,2014-10-29
VeRForTe αRtE:VEiN,190.0,2023-03-23
No Routine,163.0,2016-10-06
Turn around,156.0,2013-05-09
Sweet Devil,132.0,2015-07-16
welcome to maimai!! with マイマイマー,163.0,2015-04-16
Never Give Up!,171.0,2021-07-21
Nerverakes,140.0,2013-05-09
World Vanquisher,170.0,2018-06-21
このピアノでお前を8759632145回ぶん殴る,200.0,2018-11-20
VSpook!,155.0,2022-11-18
DUAL ROZES,160.0,2024-04-01
Space Harrier Main Theme [Reborn],125.0,2013-02-20
Technicians High,165.0,2019-08-09
Love's Theme of BADASS ～バッド・アス 愛のテーマ～,202.0,2022-05-13
Future,130.0,2012-07-11
Entrance,180.0,2020-06-11
Panopticon,110.0,2017-05-23
We Are Us,145.0,2022-03-11
キュートなカノジョ,160.0,2023-02-17
からくりピエロ,102.0,2014-07-17
MilK,150.0,2017-12-14
ねぇ、壊れタ人形ハ何処へ棄テらレるノ？,188.0,2017-04-18
LOSTPHANTASIA,133.0,2024-06-07
Revive The Rave,165.0,2016-01-21
Scarlet Lance,185.0,2018-12-13
On your mark (104期 Ver.),154.0,2024-12-12
SPILL OVER COLORS,142.0,2018-04-17
れっつ！みらくる☆はーどこあっ！,185.0,2022-12-23
larva,202.0,2018-07-24
UniTas,205.0,2020-01-23
The Great Banquet,170.0,2024-02-02
げきオコスティックファイナリアリティぷんぷんマスタースパーク,200.0,2019-11-01
folern,200.0,2022-07-22
needLe,190.0,2021-10-15
c.s.q.n.,174.0,2020-11-13
Sky High [Reborn],144.0,2013-02-20
ガチャガチャきゅ～と・ふぃぎゅ@メイト,178.0,2019-03-22
きゅうくらりん,220.0,2023-02-17
スターナイトスノウ,180.0,2018-01-09
アンバークロニクル,192.0,2023-06-23
tiny tales continue,188.0,2024-04-12
アイディスマイル,171.0,2024-01-11
NOIZY BOUNCE,150.0,2023-09-14
New York Back Raise,160.0,2024-03-21
お呪い,115.0,2025-08-08
ゆっくりしていってね！！！,221.0,2017-01-24
"Help me, あーりん！",183.0,2018-10-16
Starry Colors,177.0,2021-07-21
アスノヨゾラ哨戒班,185.0,2021-01-21
キズナの物語,128.0,2014-04-07
シエルブルーマルシェ,180.0,2020-03-19
RondeauX of RagnaroQ,185.0,2024-08-02
Signature,128.0,2018-01-23
ゴーストルール,210.0,2016-12-15
キャプテン・ムラサのケツアンカー,190.0,2015-07-16
イガク,170.0,2024-09-27
ほしぞらスペクタクル,200.0,2021-07-21
おねがいダーリン,180.0,2018-08-07
かせげ！ジャリンコヒーロー,186.0,2014-04-07
Xenovcipher,210.0,2021-03-18
Outlaw's Lullaby,145.0,2014-06-17
エンジェル ドリーム,180.0,2025-09-26
シアワセうさぎ,140.0,2014-08-22
『ウソテイ』 ～一回戦せりなvsしろなvsなずな～,190.0,2023-06-08
ウサテイ,190.0,2013-09-05
Scream out! -maimai SONIC WASHER Edit-,174.0,2017-05-11
しねばいいのに,138.0,2018-02-06
アージェントシンメトリー,172.0,2015-12-09
ゆりかご,120.0,2025-03-13
クレイジー・ビート,130.0,2020-03-06
Upshift,155.0,2021-10-01
Rising on the horizon,200.0,2022-11-10
ばかみたい【Taxi Driver Edition】,74.0,2022-12-23
ぐるぐるWASH！コインランドリー・ディスコ,132.0,2014-02-26
Synthesis.,180.0,2025-03-13
インビジブル,192.0,2018-08-07
でらっくmaimai♪てんてこまい!,178.0,2019-07-11
えれくとりっく・えんじぇぅ,150.0,2018-08-21
Jörqer,98.0,2020-09-17
みんなのマイマイマー,175.0,2013-07-11
オパ! オパ! RACER -GMT mashup-,172.0,2014-05-08
oboro,175.0,2015-02-05
YATTA!,133.0,2014-02-26
magician's operation,125.0,2014-03-20
Yet Another ”drizzly rain”,175.0,2015-11-12
きゅびずむ,185.0,2025-03-13
sweet little sister,168.0,2014-02-26
Trick tear,222.0,2022-02-10
エゴロック,225.0,2022-08-19
アマノジャクリバース feat. ｙｔｒ,160.0,2018-10-02
すーぱーぬこになりたい,194.0,2016-12-15
クノイチでも恋がしたい,185.0,2016-09-08
おちゃめ機能,150.0,2012-12-13
あなたは世界の終わりにずんだを食べるのだ,140.0,2024-01-26
キレキャリオン,170.0,2018-03-20
あいたい星人,150.0,2025-04-24
ちがう!!!,181.0,2017-07-25
You Mean the World to Me,180.0,2022-11-18
Λzure Vixen,163.0,2024-03-21
Transcend Lights,70.0,2022-09-02
sølips,199.0,2022-03-24
Sage,145.0,2022-06-24
アカリがやってきたぞっ,136.0,2019-07-26
サウンドプレイヤー,143.0,2025-07-11
サヨナラフリーウェイ,170.0,2021-04-09
Sweets Time,150.0,2021-11-12
StargazeR,195.0,2017-06-06
シックスプラン,120.0,2023-12-22
Mutation,155.0,2020-10-16
Stardust Memories,180.0,2020-07-03
みなえをチェック！,178.0,2021-04-09
White Traveling Girl,154.0,2019-02-22
スロウダウナー,194.0,2020-01-23
Saika,145.0,2020-06-11
Rainbow Rush Story,200.0,2022-09-15
シアトリカル・ケース,150.0,2020-11-13
ザムザ,121.0,2024-05-24
Witches night,154.0,2020-08-21
REAL VOICE,183.0,2020-12-11
エイプリルスター,185.0,2024-12-06
アイドル新鋭隊,176.0,2021-10-15
Tidal Wave,175.0,2025-07-16
アニマル,188.0,2022-09-15
おとせサンダー,177.0,2023-03-23
YKWTD,174.0,2024-09-12
キリキリ舞Mine,168.0,2019-10-18
Sweet Requiem,190.0,2021-02-05
お願い！コンコンお稲荷さま,175.0,2025-02-14
アイム・マイヒーロー,138.0,2023-01-06
Kinda Way,127.0,2018-02-20
イヤホンロマンス,132.0,2021-09-16
ありきたりな恋の歌,180.0,2025-08-08
Unfinished Epic,185.0,2025-05-09
ゆけむり魂温泉 II,140.0,2024-10-11
お嫁にしなさいっ！,180.0,2014-02-26
popcorn,130.0,2020-09-04
るろうらんる,156.0,2025-10-03
サイエンス,188.0,NULL
ViRTUS,225.0,2023-03-02
Tricolor⁂circuS,180.0,2022-09-15
Urban Crusher [Remix],155.0,2012-11-07
Limit Break,153.0,2017-09-07
スローアライズ,185.0,2021-05-28
MUSIC PЯAYER,168.0,2024-04-01
RAD DOGS,140.0,2024-01-11
KONNANじゃないっ！,155.0,2013-07-11
ってゐ！ ～えいえんてゐVer～,156.0,2015-03-19
クローバー♣クラブ,150.0,2015-05-14
"≠彡""/了→",222.0,2020-10-01
Virtual to LIVE,156.0,2020-12-25
Kattobi KEIKYU Rider,220.0,2019-02-07
World's end loneliness,205.0,2022-08-05
World's end BLACKBOX,205.0,2025-07-11
ありふれたせかいせいふく,150.0,2016-04-07
WARNING×WARNING×WARNING,172.0,2018-05-08
Trust,155.0,2024-07-05
Ring,132.0,2024-02-29
MAGENTA POTION,150.0,2023-07-21
Maboroshi,190.0,2020-06-11
キラメキ居残り大戦争,212.0,2021-07-09
Ututu,172.0,2020-07-03
ガランド,93.0,2020-10-01
wheel,136.0,2020-08-21
サヨナラチェーンソー,154.0,2019-12-20
オーケー？　オーライ！,150.0,2021-04-09
The 90's Decision,128.0,2023-04-14
No Limit RED Force,146.0,2022-01-14
ジャンキーナイトタウンオーケストラ,145.0,2022-08-19
はちみつアドベンチャー,160.0,2020-09-04
アスヘノBRAVE,150.0,2020-07-17
Strange Bar,110.0,2021-05-14
Prismatic,180.0,2021-02-05
QUEEN,170.0,2024-03-08
IMAWANOKIWA,178.0,2023-09-14
Y.Y.Y.計画!!!!,186.0,2023-09-01
だれかの心臓になれたなら,145.0,2019-08-22
しゅ～しん？変身☆ハカイシンzzZ,180.0,2025-10-03
U&iVERSE -銀河鸞翔-,140.0,2021-12-16
シリウスの輝きのように,158.0,2024-11-08
おべんきょうたいむ,165.0,2025-10-03
air's gravity,137.0,2012-12-13
Reach For The Stars,203.0,2012-11-07
Paradisoda,135.0,2021-03-18
Now or Never,202.0,2019-10-18
M@GICAL☆CURE! LOVE ♥ SHOT!,192.0,2025-04-11
もぺもぺ,100.0,2021-03-18
さよならヒストリー,180.0,2024-03-21
energy trixxx,160.0,2020-02-07
Mysterious Destiny,140.0,2013-08-07
Her Dream Is To Be A Fantastic Sorceress,170.0,2013-07-11
Shooting Shower～DANCE TIME(シンディ)～,149.0,2023-04-01
カラフル×メロディ,185.0,2019-01-25
ひれ伏せ愚民どもっ！,180.0,2016-10-06
むかしむかしのきょうのぼく,130.0,2014-09-04
サンバランド,132.0,2020-01-10
true my heart -Lovable mix-,135.0,2019-03-22
きゅびびびびずむ,185.0,2025-03-13
エテルニタス・ルドロジー,178.0,2016-10-06
TEmPTaTiON,160.0,2019-12-13
Magical Flavor,98.0,2017-12-14
ストリーミングハート,210.0,2015-09-17
Natural Flow,100.0,2013-01-17
STARRED HEART,140.0,2023-09-01
アンノウン・マザーグース,222.0,2017-12-14
ぽっぴっぽー,150.0,2013-11-14
Let's Go Away,240.0,2018-07-11
ウマイネームイズうまみちゃん,184.0,2020-09-04
エナドリおいしいソング,140.0,2022-12-02
クーネル・エンゲイザー,170.0,2025-06-06
We Gonna Journey,160.0,2018-10-25
あつすぎの歌,180.0,2023-07-07
アウターサイエンス,195.0,2018-06-05
ouroboros -twin stroke of the end-,188.0,2024-04-12
VIIIbit Explorer,188.0,2021-07-21
オトヒメモリー☆ウタゲーション,140.0,2017-07-11
ココロ,140.0,2017-04-18
jelly,128.0,2012-07-11
ULTRA B+K,175.0,2018-09-18
YA･DA･YO [Reborn],105.0,2013-02-20
ようこそジャパリパークへ,170.0,2017-12-14
ジェヘナ,128.0,2024-02-16
Idoratrize World,170.0,2025-03-13
にっこり^^調査隊のテーマ,180.0,2024-01-11
シスターシスター,150.0,2024-12-20
Splash Dance!!,155.0,2021-09-03
どぅーまいべすと！,128.0,2021-11-26
インドア系ならトラックメイカー,128.0,2022-01-28
Reach For The Stars (Re-Colors),203.0,2022-07-11
いっぱい食べる君が好きだよ,224.0,2025-02-14
ジレンマ,188.0,2022-09-15
すーぱーぬこになれんかった,190.0,2020-07-17
conflict,160.0,2017-02-07
Xaleid◆scopiX,180.0,2025-07-13
ULTRA SYNERGY MATRIX,160.0,2023-07-07
WE'RE BACK!!,185.0,2024-02-29
ずんだもんの朝食　〜目覚ましずんラップ〜,260.0,2024-01-26
アトロポスと最果の探究者,230.0,2020-02-07
スターリースカイ☆パレード,177.0,2020-01-23
Sakura Fubuki,175.0,2017-02-14
TRUST,190.0,2018-04-03
オモイヨシノ,168.0,2016-03-03
Valsqotch,125.0,2020-02-14
Raven Emperor,205.0,2021-12-10
Lost Princess,150.0,2019-04-11
RE:INCARNATED DRAGNER,188.0,2024-06-21
Lia=Fail,186.0,2021-09-16
Monochrome Rainbow,182.0,2014-02-26
Prophesy One,120.0,2016-11-17
どんぐりGAME,130.0,2025-09-18
コスモポップファンクラブ,189.0,2022-07-22
アルティメットセンパイ,145.0,2021-08-20
スティールユー,190.0,2024-07-19
アゲアゲアゲイン,175.0,2014-02-26
MORNINGLOOM,102.0,2025-01-24
エンヴィーベイビー,171.0,2022-03-24
fantastic dreamer,185.0,2018-04-17
のだ,142.0,2025-03-13
お願いマッスル,132.0,2020-10-30
Strobe♡Girl,190.0,2019-07-11
ももいろの鍵,165.0,2025-03-13
enchanted wanderer,102.0,2023-03-23
Yorugao,182.0,2021-12-10
ギリギリ最強あいまいみー！,185.0,2018-02-20
Tic Tac DREAMIN’,125.0,2017-12-26
Åntinomiε,242.0,2025-03-13
コトバ・カラフル,169.0,2014-02-26
Vallista,180.0,2023-07-21
QuiQ,120.0,2024-03-21
mystique as iris,172.0,2022-09-15
raputa,339.0,2023-12-09
Straight into the lights,90.0,2024-02-02
いっしそう電☆舞舞神拳！,185.0,2016-12-15
キミとボクのミライ,178.0,2019-04-11
STEREOSCAPE,164.0,2019-07-11
Nitrous Fury,144.0,2016-10-14
アンハッピーリフレイン,205.0,2014-12-18
Living Universe,155.0,2013-08-07
てらてら,190.0,2024-11-22
すろぉもぉしょん,160.0,2015-12-09
Windy Hill -Zone 1,194.0,2014-02-26
アンクローズ・ヒューマン,178.0,2020-09-17
ウミユリ海底譚,120.0,2015-05-14
スイートマジック,123.0,2012-12-13
NIGHT OF FIRE,155.0,2012-07-11
しゅわスパ大作戦☆,140.0,2013-10-03
とびだせ！TO THE COSMIC!!,185.0,2021-09-16
ウッーウッーウマウマ(ﾟ∀ﾟ),164.0,2012-07-11
オーバーライド,204.0,2024-12-06
VANTABLACK RAVER,170.0,2021-03-18
on the rocks,150.0,2022-02-25
Flashback,160.0,2025-02-27
サウンド,160.0,2019-01-25
crazy (about you),145.0,2025-07-16
イノコリ先生,162.0,2016-01-21
planet dancer,127.0,2014-12-18
Round Round Spinning Around,175.0,2021-12-10
ここからはじまるプロローグ。,182.0,2020-01-23
keep hopping,155.0,2018-07-24
【東方ニコカラ】秘神マターラ feat.魂音泉【IOSYS】,168.0,2019-02-22
ぴぴぱぷぅ！,147.0,2013-05-09
イロトリドリのメロディ,140.0,2019-03-08
STAIRWAY TO GENERATION,150.0,2016-12-15
Love You,135.0,2012-07-11
ふらふらふら、,125.0,2023-12-22
きたさいたま2000,222.0,2014-10-29
True Love Song,150.0,2012-07-11
DEVOTION,167.0,2024-06-21
Terminal Storm,160.0,2013-07-11
MAGNETAR GIRL,170.0,2022-10-21
Mjölnir,222.0,2022-05-13
Excalibur ～Revived resolution～,200.0,2018-02-20
エータ・ベータ・イータ,186.0,2022-09-02
Sweetiex2,125.0,2012-12-13
Schwarzschild,188.0,2019-01-11
もうみんなしねばいいのに,180.0,2018-02-06
tape/stop/night,115.0,2023-04-14
はんぶんこ,124.0,2023-07-21
ただ選択があった,140.0,2022-08-19
グラーヴェ,185.0,2020-03-06
まっすぐ→→→ストリーム！,184.0,2024-08-30
ぱくぱく☆がーる,121.0,2022-01-14
どういうことなの！？,175.0,2015-07-16
ウルトラトレーラー,155.0,2024-12-06
エスオーエス,196.0,2024-03-21
ゴーゴー幽霊船,180.0,2012-12-13
shake it!,130.0,2014-11-13
TwisteD! XD,200.0,2019-08-09
Streak,150.0,2012-12-13
イアイア★ナイトオブデザイア,162.0,2013-09-05
さよならプリンセス,195.0,2024-03-08
いちげき！のテーマ,175.0,2025-02-07
アマツキツネ,190.0,2019-09-20
みくみくにしてあげる♪【してやんよ】,160.0,2015-03-19
インパアフェクシオン・ホワイトガアル,207.0,2024-02-29
MOBILYS,144.0,2021-10-01
このふざけた素晴らしき世界は、僕の為にある,152.0,2018-11-20
コンティニュー！ feat. 藍月なくる,170.0,2023-05-12
my flow,157.0,2023-10-20
ozma,220.0,2023-12-09
Zitronectar,222.0,2025-03-13
サイバーサンダーサイダー,145.0,2024-04-26
INTERNET OVERDOSE,163.0,2023-03-23
きらっせ☆ウッド村ファーム,190.0,2017-03-09
アイドル,166.0,2024-03-21
オシオキGIMMICK!!,176.0,2024-07-19
maiム・maiム feat.週刊少年マガジン,140.0,2013-07-11
Starlight Dance Floor,128.0,2017-10-17
Metamorphosism,144.0,2022-08-05
ℝ∈Χ LUNATiCA,230.0,2024-08-02
Trrricksters!!,155.0,2023-03-23
VERTeX (rintaro soma deconstructed remix),158.0,2023-07-07
ウタヒメナイトストーム,164.0,2025-03-13
Sound Chimera,190.0,2021-03-18
taboo tears you up,180.0,2016-12-15
はやくそれになりたい！,185.0,2018-11-20
はげしこの夜 -Psylent Crazy Night-,135.0,2024-12-24
ケロ⑨destiny,172.0,2015-03-19
グッバイ宣言,170.0,2021-09-16
enchanted love,95.0,2022-04-08
Rush-More,160.0,2021-04-16
YURUSHITE,270.0,2020-12-25
なだめスかし Negotiation（TVsize）,150.0,2022-01-28
アンドロイドガール,192.0,2020-01-23
きみのためなら死ねる,147.0,2012-09-13
VERTeX,237.0,2014-11-26
Princess♂,92.0,2022-06-10
エピクロスの虹はもう見えない,155.0,2014-05-15
シカ色デイズ,183.0,2025-03-13
with U,155.0,2023-11-10
まにまに,174.0,2023-08-18
The Great Journey,135.0,2014-10-09
おこちゃま戦争,175.0,2014-09-18
My My My,175.0,2020-07-03
どうしてこうなった,180.0,2015-07-16
Maxi,180.0,2017-08-03
サドマミホリック,200.0,2018-10-02
Imitation:Loud Lounge,145.0,2017-03-28
オリフィス,200.0,2020-12-11
INTERNET YAMERO,185.0,2024-03-21
おジャ魔女カーニバル!!,147.0,2021-03-18
∀,245.0,2025-08-01
ULTRA POWER,142.0,2024-01-26
とりあえずアナタがいなくなるまえに,140.0,2020-10-01
Lights of Muse,180.0,2023-04-14
ステップアンドライム,155.0,2021-04-28
Falling,122.0,2022-12-16
[X],162.0,2022-09-15
TiamaT:F minor,215.0,2018-12-13
ぽわわん劇場,190.0,2023-10-20
エンドマークに希望と涙を添えて,257.0,2018-04-24
ZIGG-ZAGG,138.0,2012-07-11
We Gonna Party,159.0,2012-12-13
なんかノイズにきこえる,158.0,2025-06-20
にじよめちゃん体操第一億,120.0,2018-11-06
シャルル,145.0,2018-06-05
connecting with you,155.0,2016-06-30
Life Feels Good,180.0,2014-04-10
ガラテアの螺旋,200.0,2015-06-25
Xevel,176.0,2018-09-04
イーヴィルガール,180.0,2025-09-18
WiPE OUT MEMORIES,210.0,2022-07-11
Last Kingdom,150.0,2023-09-01
グリーンライツ・セレナーデ,200.0,2019-08-22
Starlight Disco,128.0,2012-12-13
"Little ""Sister"" Bitch",185.0,2019-11-01
Party☆People☆Princess,152.0,2023-09-14
VOLT,174.0,2024-04-12
Oath Act,172.0,2020-08-21
アディショナルメモリー,200.0,2019-07-11
otorii INNOVATED -[i]3-,210.0,2022-04-01
なるとなぎのパーフェクトロックンロール教室,216.0,2018-10-16
brilliant better,172.0,2016-09-22
fake!fake!,156.0,2016-06-30
ないせんのうた,184.0,2017-12-05
シュガーホリック,170.0,2024-08-16
もういいよ,147.0,2025-03-28
サンバディ！,136.0,2023-09-14
Hurtling Boys,195.0,2025-09-26
ジンギスカン,150.0,2018-11-06
セイクリッド　ルイン,186.0,2018-12-13
スピカの天秤,252.0,2022-03-11
スナネコのうた,92.0,2025-04-01
ゼロトーキング,133.0,2025-06-06
ハオ,176.0,2025-04-24
スーパーシンメトリー,210.0,2021-09-16
ナイト・オブ・ナイツ,180.0,2013-07-11
ソリッド,222.0,2020-01-23
スリップフリップ,143.0,2016-04-21
セカイ,133.0,2022-10-07
ネガティブ進化論,140.0,2021-03-18
ナイト・オブ・ナイツ (Cranky Remix),180.0,2019-07-11
セカイはまだ始まってすらいない,138.0,2021-10-15
デッドレッドガールズ,230.0,2015-09-17
デビルじゃないもん,154.0,2024-09-12
タカハせ！名人マン,150.0,2014-05-23
ナミダと流星,190.0,2015-03-19
チルノのパーフェクトさんすう教室　⑨周年バージョン,175.0,2017-10-17
ヒバナ,200.0,2018-12-13
ダーリンダンス,153.0,2024-09-12
タケモトピアノCMソング,122.0,2021-04-01
ドラゴンエネルギー,148.0,2021-10-15
ジングルベル,100.0,2015-03-19
ダンスロボットダンス,190.0,2018-03-20
ナイトメア☆パーティーナイト,175.0,2019-01-11
デリヘル呼んだら君が来た,190.0,2020-10-30
デンパラダイム,220.0,2019-09-20
ビターチョコデコレーション,174.0,2020-01-23
ソーラン☆節,145.0,2013-04-23
バラライカ,140.0,2014-07-17
ドーナツホール,252.0,2018-02-06
セガサターン起動音[H.][Remix],148.0,2013-11-14
ド屑,115.0,2023-08-18
バイオレンストリガー,196.0,2020-03-06
モンスターカミング,210.0,2025-01-24
チューリングの跡,180.0,2022-06-24
デッドマンズバラッド,300.0,2021-09-16
ネコ日和。,171.0,2012-07-11
トリアージ,180.0,2021-09-16
ニルヴの心臓,256.0,NULL
テオ,185.0,2023-07-21
トラフィック・ジャム,130.0,2021-08-20
トランスダンスアナーキー,195.0,2021-06-11
セハガガガンバッちゃう！！,202.0,2016-09-22
ツギハギスタッカート,139.0,2024-02-16
タテマエと本心の大乱闘,180.0,2020-02-20
バラバラ〜仮初レインボーローズ〜,135.0,2024-05-24
ナンセンス文学,154.0,2018-03-06
ダンシング☆サムライ,142.0,2012-12-13
ハッピーシンセサイザ,127.0,2012-07-11
患部で止まってすぐ溶ける～狂気の優曇華院,200.0,2014-05-15
ドクハク,208.0,2018-03-20
殿ッ！？ご乱心！？,200.0,2025-09-18
ピーマンたべたら,178.0,2015-01-08
モ°ルモ°ル,176.0,2020-01-23
チルノのパーフェクトさんすう教室,175.0,2013-07-11
ネクロファンタジア～Arr.Demetori,180.0,2019-05-24
セツナトリップ,145.0,2014-01-09
テトリス,170.0,2025-09-18
時計の国のジェミニ,180.0,2021-03-18
パラボラ,192.0,2020-12-11
幻想のサテライト,230.0,2014-07-17
トノサマビーム,170.0,2023-03-23
ベースラインやってる？笑,128.0,2021-05-14
雨露霜雪,250.0,2025-02-27
拝啓ドッペルゲンガー,181.0,2017-12-14
ラブって♡ジュエリー♪えんじぇる☆ブレイク！！,238.0,2019-03-22
パーフェクション,190.0,2022-04-28
ブリキノダンス,172.0,2018-08-07
ネ！コ！,182.0,2018-12-13
マツヨイナイトバグ,190.0,2021-11-12
ハロ／ハワユ,95.0,2014-09-04
ハム太郎とっとこうた,140.0,2020-01-23
フィクサー,135.0,2018-11-20
デコボコ体操第二,140.0,2013-01-17
ハウリング,184.0,2021-06-11
ネトゲ廃人シュプレヒコール,175.0,2017-06-06
プナイプナイせんそう,271.0,2020-01-10
ベノム,152.0,2020-11-27
ツクヨミステップ,172.0,2022-07-22
レーイレーイ,188.0,2020-11-27
ポケットからぬりつぶせ！,126.0,2021-03-04
レッツゴー!陰陽師,150.0,2014-07-17
モザイクロール,130.0,2014-01-23
ピリオドサイン,195.0,2022-12-16
トリドリ⇒モリモリ！Lovely fruits☆,185.0,2021-03-04
ハジマリノピアノ,190.0,2021-04-01
初音天地開闢神話,240.0,2022-03-24
マネマネサイコトロピック,210.0,2020-11-27
マーシャル・マキシマイザー,190.0,2022-11-04
パーフェクト生命,200.0,2016-07-14
ヒバリ,140.0,2023-03-23
不思議の国のクリスマス,128.0,2018-12-25
リリリリ★バーニングナイト,165.0,2014-07-17
ピポピポ -People People- feat. ななひら,230.0,2025-02-14
言ノ葉遊戯,164.0,2015-12-09
ヘルシーエンド,150.0,2017-07-25
メグメグ☆ファイアーエンドレスナイト,162.0,2012-07-11
ノンブレス・オブリージュ,148.0,2023-10-06
ハート・ビート,212.0,2016-11-03
リモコン,165.0,2022-02-25
モンダイナイトリッパー！,180.0,2022-11-04
ディカディズム,124.0,2021-08-05
メルト,170.0,2019-07-11
最っ高のエンタメだ!!,276.0,2024-08-30
トルコ行進曲 - オワタ＼(^o^)／,120.0,2013-07-11
赤心性：カマトト荒療治,205.0,2015-03-19
春嵐,140.0,2022-02-25
共感覚おばけ,184.0,2018-03-06
今、誰が為のかがり火へ,156.0,2021-03-18
ラットが死んだnew words,146.0,2021-08-05
共鳴,174.0,2020-07-03
幽闇に目醒めしは,120.0,2017-05-11
バカ通信,240.0,2024-05-24
ポップミュージックは僕のもの,135.0,2017-03-09
囲い無き世は一期の月影,172.0,2016-02-04
ルカルカ★ナイトフィーバー,160.0,2012-07-11
東京リアルワールド,150.0,2016-08-11
マツケンサンバⅡ,133.0,2024-09-12
ヤミツキ,208.0,2020-01-23
幽霊東京,124.0,2021-04-28
吉原ラメント,191.0,2017-04-18
ワードワードワード,137.0,2020-06-26
全力ハッピーライフ,190.0,2020-08-21
バーチャルダム　ネーション,210.0,2019-07-11
ホシシズク,182.0,2022-09-15
マリアをはげませ,131.0,2012-09-13
ホラフキパペット,205.0,2025-06-20
モエチャッカファイア,163.0,2025-03-28
パラマウント☆ショータイム！！,222.0,2022-03-24
管弦楽組曲 第3番 ニ長調「第2曲（G線上のアリア）」BWV.1068-2,180.0,2019-11-15
ファンタジーゾーン OPA-OPA! -GMT remix-,142.0,2014-04-17
白い雪のプリンセスは,200.0,2018-01-09
ロータスイーター,142.0,2023-03-10
バベル,225.0,2024-12-06
若い力,114.0,2022-04-01
噛み係,148.0,2021-09-16
居並ぶ穀物と溜息まじりの運送屋,160.0,2020-09-17
前衛的Landscape,153.0,2022-02-10
有明/Ariake,190.0,2024-12-20
ワンダーシャッフェンの法則,170.0,2021-02-19
泡沫、哀のまほろば,155.0,2017-12-14
光線チューニング,190.0,2017-08-24
右に曲ガール,175.0,2024-12-06
熱異常,183.0,2023-09-14
言ノ葉カルマ,150.0,2014-05-15
バグ,186.0,2023-09-14
響縁,180.0,2015-03-19
ヒミツCULT,190.0,2021-05-14
美夜月鏡,164.0,2024-09-12
失敗作少女,235.0,2021-12-24
迷える音色は恋の唄,165.0,2025-01-10
隠然,210.0,2019-02-22
彗星ハネムーン,145.0,2018-08-07
メルティランドナイトメア,140.0,2019-07-11
太陽系デスコ,150.0,2019-11-29
愛包ダンスホール,141.0,2024-09-12
踊,128.0,2022-09-15
炉心融解,165.0,2017-06-06
ヒステリックナイトガール,126.0,2022-01-28
宵の鳥,145.0,2023-06-23
幾望の月,276.0,2019-12-20
悪戯センセーション,192.0,2020-09-17
概して過誤,170.0,2025-05-09
群青讃歌,168.0,2022-10-07
壱雫空,204.0,2024-03-21
曖昧mind,135.0,2017-09-07
終点,222.0,2019-06-07
パンダヒーロー,190.0,2012-07-11
フタタビ,136.0,2023-12-22
僕の和風本当上手,120.0,2023-04-14
夢現妄想世界,195.0,2024-11-22
妄想税,134.0,2015-05-14
プラネタリウム・レヴュー,170.0,2024-11-08
デスパレイト,145.0,2017-10-03
回る空うさぎ,120.0,2023-02-17
デビル☆アイドル,180.0,2019-09-06
星詠みとデスペラード,182.0,2021-10-29
緋色のDance,155.0,2014-09-18
最強STRONGER,205.0,2023-03-02
橙の幻想郷音頭,136.0,2016-05-12
猫猫的宇宙論,134.0,2021-08-05
人生リセットボタン,200.0,2018-02-06
物凄いヴァイブスで魔理沙が物凄いラップ,173.0,2021-02-05
劣等上等,160.0,2021-01-21
紅に染まる恋の花,140.0,2022-07-01
地獄,190.0,2024-12-20
泣き虫O'clock,152.0,2013-05-09
初音ミクの激唱,200.0,2018-08-09
六兆年と一夜物語,186.0,2015-07-16
玩具狂奏曲 -終焉-,130.0,2019-10-24
犬日和。,138.0,2013-01-17
＊ハロー、プラネット。,150.0,2013-11-14
田中,186.0,2022-09-15
月光,195.0,2025-03-13
不機嫌なスリーカード,195.0,2023-03-23
星めぐり、果ての君へ。,175.0,2021-05-28
酔いどれ知らず,115.0,2024-03-21
リスペク風神,135.0,2023-03-23
分からない,200.0,2017-03-09
ラヴィ,183.0,2024-07-19
新人類,144.0,2024-05-24
デーモンベット,107.0,2022-04-28
ボッカデラベリタ,170.0,2023-03-10
無間嫉妬劇場『666』,108.0,2024-11-08
絡繰りドール,160.0,2021-02-05
神っぽいな,142.0,2023-03-23
超最終鬼畜妹フランドール・S,210.0,2025-05-21
天蓋,178.0,2024-10-25
ヴィラン,102.0,2022-09-15
絶え間なく藍色,125.0,2020-10-01
三日月ステップ 2023,167.0,2025-06-27
遺伝子レベル∞スパイラル,164.0,2022-04-01
紅星ミゼラブル～廃憶編,160.0,2021-11-12
解けないように,112.0,2023-09-14
命ばっかり,128.0,2019-04-26
響け！CHIREI MY WAY!,181.0,2022-01-07
リンカーネイション,185.0,2017-06-22
強風オールバック,135.0,2024-03-21
銀のめぐり,170.0,2022-10-21
脳漿炸裂ガール,155.0,2013-07-11
君だったから,125.0,2025-09-18
猛進ソリストライフ！,189.0,2017-10-31
初音ミクの消失,240.0,2015-12-09
リアライズ,150.0,2024-09-12
絡めトリック利己ライザー,150.0,2020-01-23
ラビットホール,173.0,2024-03-21
砂の惑星 feat. HATSUNE MIKU,95.0,2017-12-14
宿題が終わらないっ！,180.0,2017-06-22
美しく燃える森,140.0,2012-07-11
フキゲンワルツ,210.0,2019-01-11
夜咄ディセイブ,260.0,2013-09-05
秋の未確認生物,185.0,2022-11-04
放課後ストライド,225.0,2013-10-03
日本の米は世界一,138.0,2017-12-05
最終鬼畜妹フランドール・S,200.0,2019-05-24
記憶、記録,185.0,2013-07-11
悪戯,140.0,2015-04-16
咲キ誇レ常世ノ華,170.0,2017-12-14
無敵We are one!!,190.0,2016-06-30
三妖精SAY YA!!!,150.0,2022-07-01
願いを呼ぶ季節,170.0,2016-02-04
右肩の蝶,140.0,2019-01-25
色は匂へど散りぬるを,138.0,2016-12-15
儚きもの人間,180.0,2016-06-30
源平大戦絵巻テーマソング,190.0,2012-07-11
裏表ラバーズ,159.0,2013-11-14
乙女解剖,134.0,2020-09-17
東京レトロ,126.0,2017-07-25
宛城、炎上！！,175.0,2020-09-17
"大輪の魂 (feat. AO, 司芭扶)",137.0,2022-07-01
二息歩行,180.0,2014-03-20
真・ハンサム体操でズンドコホイ,140.0,2017-09-19
林檎華憐歌,144.0,2014-02-26
フォニイ,170.0,2022-09-15
ラブリー☆えんじぇる!!,173.0,2016-03-03
バレリーコ,150.0,2018-06-05
白花の天使,200.0,2022-08-05
バッド・ダンス・ホール,152.0,2017-07-25
独りんぼエンヴィー,132.0,2023-03-10
少女A,130.0,2025-08-22
フラジール,127.0,2017-11-21
パラドクスイヴ,180.0,2024-09-12
病み垢ステロイド,203.0,2024-09-12
少女レイ,150.0,2025-08-22
星見草,164.0,2023-02-03
幾四音-Ixion-,210.0,2015-12-09
下克上々,164.0,2021-06-11
ポッピンキャンディ☆フィーバー！,190.0,2021-11-26
寝起きヤシの木,160.0,2024-03-21
千本桜,154.0,2012-12-13
好きな惣菜発表ドラゴン,160.0,2025-05-09
ワールドワイドワンダー,142.0,2025-01-24
明星ロケット,163.0,2014-09-18
宿星審判,189.0,2021-09-16
トンデモワンダーズ,172.0,2023-12-09
華の集落、秋のお届け,165.0,2021-10-29
魂のルフラン,130.0,2023-04-01
一か罰,196.0,2019-10-18
忙シー日,150.0,2025-05-09
炭★坑★節,112.0,2012-07-11
フェイクフェイス・フェイルセイフ,202.0,2023-12-22
少女幻葬戦慄曲 ～ Necro Fantasia,182.0,2016-05-12
神室雪月花,86.0,2013-07-11
唱,132.0,2024-09-12
踊れオーケストラ,180.0,2017-01-24
ロストワンの号哭,162.0,2015-03-19
怪盗Rのテーマ,147.0,2012-09-13
時空を超えて久しぶり！,145.0,2013-07-11
私のドッペルゲンガー,190.0,2023-05-26
ロキ,150.0,2018-12-13
ｉｓｏｐｈｏｔｅ,160.0,2022-03-24
電車で電車でGO!GO!GO!GC! -GMT remix-,134.0,2014-04-17
命テステス,240.0,2025-10-03
神々の祈り,130.0,2014-05-15
マトリョシカ,205.0,2012-07-11
最終鬼畜妹・一部声,200.0,2015-11-12
神威,210.0,2023-12-09
ビビデバ,120.0,2025-03-13
深海少女,137.0,2014-09-04
進捗どうですか？,199.0,2018-10-02
電話革命ナイセン,145.0,2021-07-09
最強 the サマータイム!!!!!,178.0,2020-02-20
四次元跳躍機関,135.0,2015-11-12
花となれ,130.0,2023-05-26
ブレインジャックシンドローム,204.0,2020-03-19
阿修羅ちゃん,156.0,2023-03-23
㋰責任集合体,135.0,2025-06-27
立川浄穢捕物帳,210.0,2020-01-10
届かない花束,180.0,2021-04-28
終焉逃避行,147.0,2022-08-19
妄想感傷代償連盟,110.0,2018-06-21
パズルリボン,215.0,2022-08-19
敗北の少年,185.0,2019-04-26
勦滅,150.0,2024-05-10
抜錨,140.0,2025-06-06
演劇,176.0,2024-11-08
再会,137.0,2021-08-20
天狗の落とし文 feat. ｙｔｒ,160.0,2018-05-08
花と、雪と、ドラムンベース。,180.0,2018-11-06
系ぎて,88.0,2024-02-29
月に叢雲華に風,160.0,2016-06-30
天ノ弱,200.0,2014-01-23
人里に下ったアタイがいつの間にか社畜になっていた件,180.0,2017-08-03
虹と太陽,146.0,2012-07-11
死ぬな！,220.0,2025-09-18
人間が大好きなこわれた妖怪の唄,55.0,2024-10-11
ツムギボシ,190.0,2023-03-23
廻廻奇譚,185.0,2021-09-16
隠密あんみつDX,155.0,2023-08-04
ロールプレイングゲーム,162.0,2018-12-13
猫祭り,160.0,2018-04-03
厨病激発ボーイ,190.0,2016-01-21
ユビキリ,174.0,2017-08-10
天国と地獄 -言ノ葉リンネ-,138.0,2017-06-22
生きてるおばけは生きている,140.0,2017-01-24
四月の雨,79.0,2017-04-27
絶対敵対メチャキライヤー,190.0,2023-08-18
チエルカ／エソテリカ,205.0,2021-05-28
星界ちゃんと可不ちゃんのおつかい合騒曲,220.0,2023-10-06
骸骨楽団とリリア,260.0,2019-09-20
ワールズエンド・ダンスホール,171.0,2012-07-11
星空パーティーチューン,230.0,2022-06-24
偉大なる悪魔は実は大天使パトラちゃん様なのだ！,195.0,2024-08-16
モ°ルモ°ル (MZK Skippin' Remix),136.0,2023-07-07
永遠のメロディ,155.0,2018-05-08
空威張りビヘイビア,186.0,2016-12-15
メズマライザー,185.0,2025-03-13
蒼穹舞楽,195.0,2021-06-25
氷滅の135小節,205.0,2024-10-25
魔ジョ狩リ,190.0,2019-08-09
躯樹の墓守,211.0,2022-02-10
疾走あんさんぶる,195.0,2018-05-08
魔理沙は大変なものを盗んでいきました,170.0,2013-09-05
青春コンプレックス,190.0,2023-09-14
彩りキャンバス,180.0,2025-09-18
転生林檎,145.0,2024-11-22
プリズム△▽リズム,155.0,2024-09-12
フリィダム ロリィタ,150.0,2018-06-05
人マニア,150.0,2024-09-27
渦状銀河のシンフォニエッタ,238.0,2020-08-07
群青シグナル,206.0,2022-12-16
幸せになれる隠しコマンドがあるらしい,142.0,2017-11-21
ヨミビトシラズ,188.0,2022-02-10
リッジでリッジでGO!GO!GO! -GMT mashup-,146.0,2014-05-08
春を告げる,120.0,2022-06-10
魔法少女とチョコレゐト,150.0,2023-03-23
砂の函,180.0,2025-07-11
ドキドキDREAM!!!,210.0,2017-02-21
ロストワードクロニカル,184.0,2021-03-18
白ゆき,210.0,2017-11-21
東方スイーツ！～鬼畜姉妹と受難メイド～,179.0,2015-07-16
深海シティアンダーグラウンド,170.0,2020-07-17
幻想に咲いた花,186.0,2021-11-12
ロウワー,132.0,2023-03-23
リフヴェイン,148.0,2023-06-23
ピュグマリオンの咒文,190.0,2023-01-20
月面基地,180.0,2023-12-09
ノイローゼ,200.0,2021-12-24
帝国少女,118.0,2025-08-22
ワーワーワールド,160.0,2022-10-07
ヱデン,137.0,2023-04-28
メランコリック,140.0,2012-07-11
ミルキースター・シューティングスター,184.0,2022-03-24
天国と地獄,175.0,2012-11-07
単一指向性オーバーブルーム,158.0,2021-04-09
金の聖夜霜雪に朽ちて,185.0,2018-12-25
地上の戦士,130.0,2013-04-23
蒼空に舞え、墨染の桜,150.0,2016-05-12
悪魔の踊り方,106.0,2021-12-24
脳天直撃,145.0,2021-09-16
火炎地獄,216.0,2014-05-15
夜明けまであと３秒,182.0,2016-12-05
果ての空、僕らが見た光。,178.0,2024-09-12
星屑ユートピア,240.0,2019-09-20
ライアーダンサー,170.0,2024-05-24
超絶！Superlative,200.0,2013-04-23
ミラクルペイント,215.0,2018-08-21
華鳥風月,123.0,2017-06-22
好き！雪！本気マジック,167.0,2018-01-09
感情ディシーブ,175.0,2023-08-18
超常マイマイン,178.0,2019-07-11
ロミオとシンデレラ,170.0,2012-12-13
勇者,104.0,2024-09-12
究極焼肉レストラン！お燐の地獄亭！,185.0,2015-01-08
ミラクル・ショッピング,167.0,2018-02-20
天使光輪,203.0,2023-11-10
ハードコア・シンドローム,180.0,2022-03-11
奏者はただ背中と提琴で語るのみ,230.0,2019-03-08
私の中の幻想的世界観及びその顕現を想起させたある現実での出来事に関する一考察,175.0,2017-02-21
有頂天ドリーマーズ,188.0,NULL
康莊大道,208.0,2023-02-03
明星ギャラクティカ,154.0,2020-10-01
若い力 -SEGA HARD GIRLS MIX-,162.0,2015-06-04
拝啓、最高の思い出たち,124.0,2025-10-03
片想いサンバ,150.0,2019-01-11
フラグメンツ -T.V. maimai edit-,160.0,2016-02-04
"メイトなやつら（FEAT. 天開司, 佐藤ホームズ, あっくん大魔王 & 歌衣メイカ）",160.0,2024-10-11
宙天,125.0,2025-02-27
過去を喰らう,187.0,2024-03-21
腐れ外道とチョコレゐト,260.0,2012-12-13
僕は空気が嫁ない,192.0,2021-09-16
超熊猫的周遊記（ワンダーパンダートラベラー）,121.0,2023-08-04
封焔の135秒,200.0,2020-08-07
空回りライブラリ,130.0,2025-08-08
マヌルネコのうた,137.0,2025-04-01
永遠にゲームで対戦したいキリタン,126.0,2021-03-18
命に嫌われている,200.0,2020-09-17
阿吽のビーツ,103.0,2021-08-05
絶対にチョコミントを食べるアオイチャン,140.0,2020-10-30
全人類ノ非想天則,168.0,2013-10-03
鼓動,121.0,2014-02-26
円舞曲、君に,128.0,2013-07-11
電車で電車でOPA!OPA!OPA! -GMT mashup-,134.0,2014-05-08
弱虫モンブラン,120.0,2014-01-09
閃鋼のブリューナク,140.0,2015-12-09
待チ人ハ来ズ。,160.0,2014-07-17
教えて!! 魔法のLyric,180.0,2012-07-11
心象蜃気楼,190.0,2017-08-24
最速最高シャッターガール,160.0,2014-02-26
結ンデ開イテ羅刹ト骸,169.0,2019-01-25
雨とペトラ,195.0,2021-03-18
ユメヒバナ,151.0,2020-12-11
撩乱乙女†無双劇,165.0,2022-09-02
神々が恋した幻想郷,155.0,2022-01-06
ヴァンパイア,164.0,2022-03-24
生命不詳,200.0,2021-05-28
表裏一体,150.0,2020-07-17
自傷無色,120.0,2021-01-21
約束,136.0,2021-08-20
電光石火,165.0,2023-01-20
炎歌 -ほむらうた-,108.0,2013-04-23
恋愛裁判,134.0,2016-06-30
進め！イッスン軍団 -Rebellion of the Dwarfs-,172.0,2018-07-03
檄！帝国華撃団(改),144.0,2012-07-11
妖精村の月誕祭 ～Lunate Elf,132.0,2017-10-17
前前前世,190.0,2017-06-22
采配の刻 Power of order,185.0,2013-04-23
極圏,207.0,2018-12-13
ラブチーノ,126.0,2017-07-11
福宿音屋魂音泉,162.0,2019-10-18
怒槌,200.0,2018-12-04
夢花火,186.0,2017-06-22
不毛！,200.0,2015-02-05
蜘蛛の糸,180.0,2022-09-15
竹,150.0,2021-09-16
麒麟,220.0,2018-03-06
魔法少女になるしかねぇ,165.0,2019-02-07
木彫り鯰と右肩ゾンビ,150.0,2016-11-17
相思創愛,195.0,2017-08-24
高気圧ねこロック,260.0,2016-06-30
雷切-RAIKIRI-,165.0,2019-04-11
回レ！雪月花,160.0,2016-12-15
立ち入り禁止,160.0,2019-04-26
終わりなき物語,150.0,2016-11-03
物凄い勢いでけーねが物凄いうた,180.0,2015-12-09
御旗のもとに,147.0,2013-01-17
東方妖々夢 ～the maximum moving about～,196.0,2016-05-12
頓珍漢の宴,145.0,2016-04-07
天火明命,155.0,2017-05-23
ミラクルポップ☆アドベンチャー!!!!!,180.0,2024-07-05
フォルテシモBELL,121.0,2017-02-07
モニタリング,132.0,NULL
